"","ID","Description","GeneRatio","BgRatio","pvalue","p.adjust","qvalue","geneID","Count"
"cic00940","cic00940","Phenylpropanoid biosynthesis","63/647","188/4414",2.36185589495782e-11,2.69251572025191e-09,2.43644081795648e-09,"18054497/18054575/18054131/18051456/18052497/18052498/18052501/18052503/18052397/18047040/18046716/18048366/18048368/18046504/18046505/18048076/18050151/18050152/18050154/18050156/18046299/18047440/18043961/18045154/18045039/18043947/18043571/18044238/18044657/18043266/18044659/18043267/18041836/18038827/18038722/18038426/18039759/18039411/18036678/18036699/18037507/18037805/18035881/18037660/18036308/18037667/18035687/18033822/18035677/18035209/18034351/18035112/18034975/18033836/18034906/18033532/18032627/18032464/18031740/18050006/18048798/18042182/18037921",63
"cic04075","cic04075","Plant hormone signal transduction","53/647","237/4414",0.000715285894791469,0.0407712960031137,0.0368936935208231,"18054673/18055059/18054398/18054509/18055572/18054772/18054143/18054145/18054150/18054151/18054152/18054158/18052080/18053492/18052162/18049210/18049926/18048976/18046752/18047007/18046914/18043434/18045480/18043925/18045548/18045550/18045552/18045555/18045529/18045530/18044998/18045294/18040264/18042495/18043042/18043172/18040324/18040694/18042398/18042318/18039631/18036545/18036546/18036454/18037715/18035690/18035691/18034456/18033610/18033888/18032320/18031668/18034544",53
"cic04626","cic04626","Plant-pathogen interaction","47/647","209/4414",0.00125636210337095,0.047741759928096,0.0432012232036325,"18056166/18056093/18053910/18054460/18055099/18054373/18054709/18055489/18053406/18046431/18049924/18048022/18048214/18046037/18046487/18048003/18048831/18048239/18043489/18044777/18045743/18043707/18044668/18040572/18040598/18040837/18040312/18041919/18041223/18041224/18040301/18038293/18038027/18039805/18036386/18034855/18034434/18034921/18031882/18032103/18031595/18033466/18033572/18033090/18052971/18045460/18032711",47
