"","ID","Description","GeneRatio","BgRatio","pvalue","p.adjust","qvalue","geneID","Count"
"cic04626","cic04626","Plant-pathogen interaction","50/574","209/4414",7.24265353769154e-06,0.000803934542683761,0.00075476073708575,"18054839/18056166/18056093/18053910/18054460/18055099/18054370/18054372/18054373/18054379/18054709/18055489/18053613/18052944/18053406/18046431/18048022/18048214/18046037/18046039/18046487/18046394/18048415/18048567/18043489/18044777/18045743/18044817/18044668/18040572/18040837/18041919/18042242/18041223/18041224/18040301/18038027/18038290/18036386/18033982/18034855/18034434/18031882/18032103/18032503/18033466/18032094/18033090/18052971/18032711",50
"cic00940","cic00940","Phenylpropanoid biosynthesis","43/574","188/4414",0.000100827405061489,0.00559592098091265,0.00525363847425654,"18054218/18054131/18051456/18052500/18052501/18052503/18052397/18046501/18050156/18047440/18043961/18045038/18044657/18043266/18044659/18043267/18040739/18042327/18042352/18042520/18041836/18038827/18038722/18040111/18038426/18039411/18036838/18036870/18036678/18036699/18035881/18037667/18035687/18033822/18035159/18035112/18033532/18031740/18052462/18052997/18050006/18042182/18037921",43
