"","ID","Description","GeneRatio","BgRatio","pvalue","p.adjust","qvalue","geneID","Count"
"cic04075","cic04075","Plant hormone signal transduction","33/341","237/4414",0.000528815755370886,0.0347870572131854,0.0332890499647707,"18054143/18054145/18054146/18054150/18054151/18054152/18054158/18052080/18053492/18052162/18049926/18046752/18046344/18047007/18043925/18045550/18045552/18045555/18045528/18045529/18045530/18044998/18042318/18039306/18036546/18037715/18035690/18035691/18033610/18034114/18033888/18032009/18038130",33
"cic00073","cic00073","Cutin, suberine and wax biosynthesis","8/341","27/4414",0.000702768832589603,0.0347870572131854,0.0332890499647707,"18052377/18039129/18039453/18039325/18034640/18035580/18032352/18049734",8
