"","ID","Description","GeneRatio","BgRatio","pvalue","p.adjust","qvalue","geneID","Count"
"cic00196","cic00196","Photosynthesis - antenna proteins","11/285","17/4414",5.89261332042317e-10,5.89261332042317e-08,4.96220069088267e-08,"18054549/18052032/18053261/18053263/18045785/18048155/18044863/18043590/18041475/18038877/18035158",11
"cic00360","cic00360","Phenylalanine metabolism","11/285","49/4414",0.000214120500557976,0.0107060250278988,0.00901560002349373,"18054901/18054023/18056111/18052826/18046023/18045583/18038722/18037030/18033993/18034906/18031365",11
"cic04075","cic04075","Plant hormone signal transduction","29/285","237/4414",0.000520096894548841,0.017336563151628,0.0145992110750552,"18053755/18054200/18054871/18054143/18054145/18054146/18054150/18054151/18054152/18054158/18051393/18049926/18046752/18046344/18048998/18047007/18043434/18043925/18044998/18039306/18039156/18036545/18036546/18035690/18035691/18034456/18033888/18032009/18031847",29
"cic00350","cic00350","Tyrosine metabolism","10/285","53/4414",0.00174774757079443,0.0425145405440247,0.0358017183528629,"18054901/18054004/18054023/18056111/18052826/18046023/18045583/18042246/18037030/18031365",10
"cic00500","cic00500","Starch and sucrose metabolism","19/285","145/4414",0.0022029454588698,0.0425145405440247,0.0358017183528629,"18055908/18053108/18052900/18052397/18053090/18047722/18049897/18049441/18046743/18047440/18046960/18048822/18044411/18042510/18042626/18041588/18036645/18036681/18032167",19
"cic00960","cic00960","Tropane, piperidine and pyridine alkaloid biosynthesis","8/285","39/4414",0.00289750833739821,0.0425145405440247,0.0358017183528629,"18054901/18054023/18052826/18046023/18045583/18039168/18037030/18031365",8
"cic00950","cic00950","Isoquinoline alkaloid biosynthesis","7/285","31/4414",0.00297601783808173,0.0425145405440247,0.0358017183528629,"18054901/18054023/18052826/18046023/18045583/18037030/18031365",7
